ElapsedSec,TPS,TPSAccept,TPSSuccess,RecvPerSec,SendPerSec,SendDropSec
Total Time : 60.016 	 TPS : 83.245 	 TPS_Accept : 82.378 	 TPS_Success : 82.378 	 RecvSec : 2054.795 	 SendSec : 1079110.922 	 SendDropSec : 7305634.117
Total Time : 120.023 	 TPS : 42.645 	 TPS_Accept : 0.933 	 TPS_Success : 0.933 	 RecvSec : 4178.638 	 SendSec : 357038.943 	 SendDropSec : 20539346.515
Total Time : 180.030 	 TPS : 41.862 	 TPS_Accept : 0.000 	 TPS_Success : 0.000 	 RecvSec : 4188.741 	 SendSec : 335502.849 	 SendDropSec : 20605490.595
Total Time : 240.038 	 TPS : 42.528 	 TPS_Accept : 0.000 	 TPS_Success : 0.000 	 RecvSec : 3987.901 	 SendSec : 315767.713 	 SendDropSec : 19621159.128
Total Time : 300.061 	 TPS : 42.717 	 TPS_Accept : 0.000 	 TPS_Success : 0.000 	 RecvSec : 3911.120 	 SendSec : 302859.198 	 SendDropSec : 19250255.079
Total Time : 360.080 	 TPS : 42.553 	 TPS_Accept : 0.000 	 TPS_Success : 0.000 	 RecvSec : 4048.604 	 SendSec : 321158.988 	 SendDropSec : 19919404.547
Total Time : 420.084 	 TPS : 42.347 	 TPS_Accept : 0.000 	 TPS_Success : 0.000 	 RecvSec : 4019.240 	 SendSec : 289698.939 	 SendDropSec : 19803848.311
Total Time : 480.089 	 TPS : 41.447 	 TPS_Accept : 0.000 	 TPS_Success : 0.000 	 RecvSec : 3977.144 	 SendSec : 306010.344 	 SendDropSec : 19577087.961
Total Time : 540.110 	 TPS : 41.469 	 TPS_Accept : 0.000 	 TPS_Success : 0.000 	 RecvSec : 4072.366 	 SendSec : 325904.789 	 SendDropSec : 20033274.593
Total Time : 600.129 	 TPS : 42.237 	 TPS_Accept : 0.000 	 TPS_Success : 0.000 	 RecvSec : 3871.715 	 SendSec : 301826.656 	 SendDropSec : 19054239.399
Total Time : 660.149 	 TPS : 42.086 	 TPS_Accept : 0.000 	 TPS_Success : 0.000 	 RecvSec : 4176.964 	 SendSec : 323780.730 	 SendDropSec : 20558275.441
Total Time : 720.158 	 TPS : 42.410 	 TPS_Accept : 0.000 	 TPS_Success : 0.000 	 RecvSec : 3959.639 	 SendSec : 295101.782 	 SendDropSec : 19500480.949
Total Time : 780.173 	 TPS : 41.706 	 TPS_Accept : 0.000 	 TPS_Success : 0.000 	 RecvSec : 3953.076 	 SendSec : 294313.946 	 SendDropSec : 19468482.415
Total Time : 840.179 	 TPS : 42.863 	 TPS_Accept : 0.000 	 TPS_Success : 0.000 	 RecvSec : 3725.919 	 SendSec : 269685.866 	 SendDropSec : 18357495.994
Total Time : 900.183 	 TPS : 42.197 	 TPS_Accept : 0.000 	 TPS_Success : 0.000 	 RecvSec : 3825.687 	 SendSec : 306552.584 	 SendDropSec : 18819488.919
Total Time : 960.196 	 TPS : 41.807 	 TPS_Accept : 0.000 	 TPS_Success : 0.000 	 RecvSec : 4135.941 	 SendSec : 320229.044 	 SendDropSec : 20356753.382
Total Time : 1020.215 	 TPS : 41.753 	 TPS_Accept : 0.000 	 TPS_Success : 0.000 	 RecvSec : 4002.709 	 SendSec : 311561.803 	 SendDropSec : 19699401.215
Total Time : 1080.230 	 TPS : 41.640 	 TPS_Accept : 0.000 	 TPS_Success : 0.000 	 RecvSec : 4214.463 	 SendSec : 324436.590 	 SendDropSec : 20745055.404
Total Time : 1140.241 	 TPS : 42.042 	 TPS_Accept : 0.000 	 TPS_Success : 0.000 	 RecvSec : 4072.954 	 SendSec : 303989.251 	 SendDropSec : 20058090.940
Total Time : 1200.251 	 TPS : 42.093 	 TPS_Accept : 0.000 	 TPS_Success : 0.000 	 RecvSec : 4042.380 	 SendSec : 312800.419 	 SendDropSec : 19896543.459
Total Time : 1260.256 	 TPS : 42.163 	 TPS_Accept : 0.000 	 TPS_Success : 0.000 	 RecvSec : 4012.331 	 SendSec : 312454.405 	 SendDropSec : 19746589.696
Total Time : 1320.265 	 TPS : 42.277 	 TPS_Accept : 0.000 	 TPS_Success : 0.000 	 RecvSec : 3949.881 	 SendSec : 304707.496 	 SendDropSec : 19442127.149
Total Time : 1380.266 	 TPS : 42.000 	 TPS_Accept : 0.000 	 TPS_Success : 0.000 	 RecvSec : 4072.477 	 SendSec : 321452.452 	 SendDropSec : 20038285.744
Total Time : 1440.274 	 TPS : 41.845 	 TPS_Accept : 0.000 	 TPS_Success : 0.000 	 RecvSec : 4027.666 	 SendSec : 303291.308 	 SendDropSec : 19832411.368
Total Time : 1500.299 	 TPS : 41.899 	 TPS_Accept : 0.000 	 TPS_Success : 0.000 	 RecvSec : 4144.630 	 SendSec : 317431.472 	 SendDropSec : 20402951.686
Total Time : 1560.300 	 TPS : 42.383 	 TPS_Accept : 0.000 	 TPS_Success : 0.000 	 RecvSec : 4018.227 	 SendSec : 307621.983 	 SendDropSec : 19780929.999
Total Time : 1620.304 	 TPS : 42.047 	 TPS_Accept : 0.000 	 TPS_Success : 0.000 	 RecvSec : 4056.343 	 SendSec : 307310.519 	 SendDropSec : 19971746.072
Total Time : 1680.313 	 TPS : 40.961 	 TPS_Accept : 0.000 	 TPS_Success : 0.000 	 RecvSec : 4137.120 	 SendSec : 310982.708 	 SendDropSec : 20371818.394
Total Time : 1740.326 	 TPS : 42.790 	 TPS_Accept : 0.000 	 TPS_Success : 0.000 	 RecvSec : 3830.428 	 SendSec : 290851.823 	 SendDropSec : 18858857.487
Total Time : 1800.343 	 TPS : 42.605 	 TPS_Accept : 0.000 	 TPS_Success : 0.000 	 RecvSec : 3891.808 	 SendSec : 288957.646 	 SendDropSec : 19167529.625
Total Time : 1860.344 	 TPS : 41.833 	 TPS_Accept : 0.000 	 TPS_Success : 0.000 	 RecvSec : 3972.927 	 SendSec : 299825.614 	 SendDropSec : 19562187.902
Total Time : 1920.365 	 TPS : 42.202 	 TPS_Accept : 0.000 	 TPS_Success : 0.000 	 RecvSec : 3927.097 	 SendSec : 301227.346 	 SendDropSec : 19331747.203
Total Time : 1980.379 	 TPS : 42.340 	 TPS_Accept : 0.000 	 TPS_Success : 0.000 	 RecvSec : 3955.761 	 SendSec : 301992.031 	 SendDropSec : 19474272.531
Total Time : 2040.394 	 TPS : 42.239 	 TPS_Accept : 0.000 	 TPS_Success : 0.000 	 RecvSec : 3997.185 	 SendSec : 310276.408 	 SendDropSec : 19673095.249
Total Time : 2100.415 	 TPS : 42.085 	 TPS_Accept : 0.000 	 TPS_Success : 0.000 	 RecvSec : 4019.459 	 SendSec : 310445.816 	 SendDropSec : 19784292.405
Total Time : 2160.416 	 TPS : 42.049 	 TPS_Accept : 0.000 	 TPS_Success : 0.000 	 RecvSec : 4089.738 	 SendSec : 310278.479 	 SendDropSec : 20135708.551
Total Time : 2220.421 	 TPS : 41.930 	 TPS_Accept : 0.000 	 TPS_Success : 0.000 	 RecvSec : 4141.806 	 SendSec : 315919.084 	 SendDropSec : 20390339.444
Total Time : 2280.442 	 TPS : 42.768 	 TPS_Accept : 0.000 	 TPS_Success : 0.000 	 RecvSec : 3797.335 	 SendSec : 291519.561 	 SendDropSec : 18692759.220
Total Time : 2340.446 	 TPS : 41.980 	 TPS_Accept : 0.000 	 TPS_Success : 0.000 	 RecvSec : 4131.058 	 SendSec : 310130.732 	 SendDropSec : 20342419.467
Total Time : 2400.454 	 TPS : 42.311 	 TPS_Accept : 0.000 	 TPS_Success : 0.000 	 RecvSec : 4060.244 	 SendSec : 305627.880 	 SendDropSec : 19992942.712
Total Time : 2460.470 	 TPS : 42.788 	 TPS_Accept : 0.000 	 TPS_Success : 0.000 	 RecvSec : 3858.468 	 SendSec : 281063.159 	 SendDropSec : 19008814.723
Total Time : 2520.494 	 TPS : 41.300 	 TPS_Accept : 0.000 	 TPS_Success : 0.000 	 RecvSec : 4322.416 	 SendSec : 331515.808 	 SendDropSec : 21277669.679
Total Time : 2580.511 	 TPS : 42.322 	 TPS_Accept : 0.000 	 TPS_Success : 0.000 	 RecvSec : 3954.692 	 SendSec : 296598.802 	 SendDropSec : 19474289.030
Total Time : 2640.514 	 TPS : 42.148 	 TPS_Accept : 0.000 	 TPS_Success : 0.000 	 RecvSec : 4131.099 	 SendSec : 305939.217 	 SendDropSec : 20346790.394
Total Time : 2700.539 	 TPS : 42.099 	 TPS_Accept : 0.000 	 TPS_Success : 0.000 	 RecvSec : 4234.298 	 SendSec : 321511.254 	 SendDropSec : 20847154.361
Total Time : 2760.551 	 TPS : 42.559 	 TPS_Accept : 0.000 	 TPS_Success : 0.000 	 RecvSec : 3938.748 	 SendSec : 294927.194 	 SendDropSec : 19396285.740
Total Time : 2820.571 	 TPS : 41.986 	 TPS_Accept : 0.000 	 TPS_Success : 0.000 	 RecvSec : 4040.568 	 SendSec : 313505.712 	 SendDropSec : 19886733.338
Total Time : 2880.596 	 TPS : 42.132 	 TPS_Accept : 0.000 	 TPS_Success : 0.000 	 RecvSec : 3996.000 	 SendSec : 307050.371 	 SendDropSec : 19670389.905
Total Time : 2940.614 	 TPS : 42.238 	 TPS_Accept : 0.000 	 TPS_Success : 0.000 	 RecvSec : 4115.407 	 SendSec : 308795.572 	 SendDropSec : 20265533.317
Total Time : 3000.617 	 TPS : 42.431 	 TPS_Accept : 0.000 	 TPS_Success : 0.000 	 RecvSec : 4011.859 	 SendSec : 305157.290 	 SendDropSec : 19751553.098
Total Time : 3060.618 	 TPS : 41.932 	 TPS_Accept : 0.000 	 TPS_Success : 0.000 	 RecvSec : 4089.002 	 SendSec : 307966.509 	 SendDropSec : 20134370.961
Total Time : 3120.635 	 TPS : 42.421 	 TPS_Accept : 0.000 	 TPS_Success : 0.000 	 RecvSec : 3893.277 	 SendSec : 307045.921 	 SendDropSec : 19156898.403
Total Time : 3180.655 	 TPS : 41.703 	 TPS_Accept : 0.000 	 TPS_Success : 0.000 	 RecvSec : 4236.635 	 SendSec : 329723.086 	 SendDropSec : 20850668.056
Total Time : 3240.661 	 TPS : 42.496 	 TPS_Accept : 0.000 	 TPS_Success : 0.000 	 RecvSec : 3888.392 	 SendSec : 297890.818 	 SendDropSec : 19141571.670
Total Time : 3300.668 	 TPS : 42.245 	 TPS_Accept : 0.000 	 TPS_Success : 0.000 	 RecvSec : 3970.427 	 SendSec : 297852.100 	 SendDropSec : 19551709.969
Total Time : 3360.687 	 TPS : 41.837 	 TPS_Accept : 0.000 	 TPS_Success : 0.000 	 RecvSec : 4157.860 	 SendSec : 317527.294 	 SendDropSec : 20469023.658
Total Time : 3420.692 	 TPS : 42.480 	 TPS_Accept : 0.000 	 TPS_Success : 0.000 	 RecvSec : 4051.214 	 SendSec : 303975.456 	 SendDropSec : 19949458.372
Total Time : 3480.709 	 TPS : 41.921 	 TPS_Accept : 0.000 	 TPS_Success : 0.000 	 RecvSec : 4282.192 	 SendSec : 320292.304 	 SendDropSec : 21087822.114
Total Time : 3540.712 	 TPS : 42.848 	 TPS_Accept : 0.000 	 TPS_Success : 0.000 	 RecvSec : 3966.794 	 SendSec : 294882.073 	 SendDropSec : 19536533.924
Total Time : 3600.724 	 TPS : 42.075 	 TPS_Accept : 0.000 	 TPS_Success : 0.000 	 RecvSec : 4049.866 	 SendSec : 293055.164 	 SendDropSec : 19953599.061
Total Time : 3660.736 	 TPS : 42.042 	 TPS_Accept : 0.000 	 TPS_Success : 0.000 	 RecvSec : 4138.084 	 SendSec : 314636.907 	 SendDropSec : 20373085.435
Total Time : 3720.752 	 TPS : 42.705 	 TPS_Accept : 0.000 	 TPS_Success : 0.000 	 RecvSec : 4125.262 	 SendSec : 314711.191 	 SendDropSec : 20308936.337
Total Time : 3780.757 	 TPS : 42.263 	 TPS_Accept : 0.000 	 TPS_Success : 0.000 	 RecvSec : 4153.829 	 SendSec : 315742.007 	 SendDropSec : 20450706.280
Total Time : 3840.766 	 TPS : 42.277 	 TPS_Accept : 0.000 	 TPS_Success : 0.000 	 RecvSec : 4026.814 	 SendSec : 299340.774 	 SendDropSec : 19832105.676
Total Time : 3900.767 	 TPS : 42.282 	 TPS_Accept : 0.000 	 TPS_Success : 0.000 	 RecvSec : 3855.686 	 SendSec : 296381.918 	 SendDropSec : 18979638.633
Total Time : 3960.784 	 TPS : 42.254 	 TPS_Accept : 0.000 	 TPS_Success : 0.000 	 RecvSec : 3932.181 	 SendSec : 301173.637 	 SendDropSec : 19357222.887
Total Time : 4020.799 	 TPS : 41.623 	 TPS_Accept : 0.000 	 TPS_Success : 0.000 	 RecvSec : 4216.314 	 SendSec : 319643.238 	 SendDropSec : 20759152.522
Total Time : 4080.808 	 TPS : 42.994 	 TPS_Accept : 0.000 	 TPS_Success : 0.000 	 RecvSec : 4080.301 	 SendSec : 315598.579 	 SendDropSec : 20083330.631
Total Time : 4140.828 	 TPS : 41.469 	 TPS_Accept : 0.000 	 TPS_Success : 0.000 	 RecvSec : 4205.643 	 SendSec : 322248.722 	 SendDropSec : 20703224.885
Total Time : 4200.831 	 TPS : 41.682 	 TPS_Accept : 0.000 	 TPS_Success : 0.000 	 RecvSec : 4282.099 	 SendSec : 326856.159 	 SendDropSec : 21080793.573
Total Time : 4260.832 	 TPS : 42.315 	 TPS_Accept : 0.000 	 TPS_Success : 0.000 	 RecvSec : 4160.528 	 SendSec : 319954.675 	 SendDropSec : 20479994.594
Total Time : 4320.856 	 TPS : 42.667 	 TPS_Accept : 0.000 	 TPS_Success : 0.000 	 RecvSec : 3954.414 	 SendSec : 297886.103 	 SendDropSec : 19471688.081
Total Time : 4380.872 	 TPS : 41.922 	 TPS_Accept : 0.000 	 TPS_Success : 0.000 	 RecvSec : 4281.666 	 SendSec : 328487.596 	 SendDropSec : 21077025.311
Total Time : 4440.892 	 TPS : 42.735 	 TPS_Accept : 0.000 	 TPS_Success : 0.000 	 RecvSec : 4008.590 	 SendSec : 305148.431 	 SendDropSec : 19735231.283
Total Time : 4500.906 	 TPS : 42.007 	 TPS_Accept : 0.000 	 TPS_Success : 0.000 	 RecvSec : 4135.791 	 SendSec : 320014.904 	 SendDropSec : 20356276.993
Total Time : 4560.909 	 TPS : 42.981 	 TPS_Accept : 0.000 	 TPS_Success : 0.000 	 RecvSec : 3840.708 	 SendSec : 289771.791 	 SendDropSec : 18911372.298
Total Time : 4620.923 	 TPS : 42.840 	 TPS_Accept : 0.000 	 TPS_Success : 0.000 	 RecvSec : 3916.470 	 SendSec : 300970.639 	 SendDropSec : 19278940.334
Total Time : 4680.926 	 TPS : 42.264 	 TPS_Accept : 0.000 	 TPS_Success : 0.000 	 RecvSec : 4047.682 	 SendSec : 305934.772 	 SendDropSec : 19929882.143
Total Time : 4740.955 	 TPS : 41.746 	 TPS_Accept : 0.000 	 TPS_Success : 0.000 	 RecvSec : 4203.058 	 SendSec : 315548.312 	 SendDropSec : 20696978.087
Total Time : 4800.961 	 TPS : 42.112 	 TPS_Accept : 0.000 	 TPS_Success : 0.000 	 RecvSec : 4063.419 	 SendSec : 314363.678 	 SendDropSec : 20000139.919
Total Time : 4860.988 	 TPS : 42.897 	 TPS_Accept : 0.000 	 TPS_Success : 0.000 	 RecvSec : 3842.722 	 SendSec : 288947.534 	 SendDropSec : 18922247.240
Total Time : 4921.000 	 TPS : 41.909 	 TPS_Accept : 0.000 	 TPS_Success : 0.000 	 RecvSec : 4058.827 	 SendSec : 310696.070 	 SendDropSec : 19980842.295
Total Time : 4981.004 	 TPS : 41.831 	 TPS_Accept : 0.000 	 TPS_Success : 0.000 	 RecvSec : 4153.575 	 SendSec : 305705.185 	 SendDropSec : 20459426.237
Total Time : 5041.025 	 TPS : 42.518 	 TPS_Accept : 0.000 	 TPS_Success : 0.000 	 RecvSec : 4072.195 	 SendSec : 302164.096 	 SendDropSec : 20056182.188
Total Time : 5101.039 	 TPS : 42.624 	 TPS_Accept : 0.000 	 TPS_Success : 0.000 	 RecvSec : 3958.520 	 SendSec : 301496.398 	 SendDropSec : 19488621.870
Total Time : 5161.059 	 TPS : 42.203 	 TPS_Accept : 0.000 	 TPS_Success : 0.000 	 RecvSec : 4144.561 	 SendSec : 314762.130 	 SendDropSec : 20405369.823
Total Time : 5221.087 	 TPS : 41.763 	 TPS_Accept : 0.000 	 TPS_Success : 0.000 	 RecvSec : 4277.583 	 SendSec : 331173.974 	 SendDropSec : 21053978.882
Total Time : 5281.101 	 TPS : 41.407 	 TPS_Accept : 0.000 	 TPS_Success : 0.000 	 RecvSec : 4143.797 	 SendSec : 316923.628 	 SendDropSec : 20399368.105
Total Time : 5341.117 	 TPS : 42.472 	 TPS_Accept : 0.000 	 TPS_Success : 0.000 	 RecvSec : 4159.446 	 SendSec : 308566.445 	 SendDropSec : 20485952.768
Total Time : 5401.136 	 TPS : 41.120 	 TPS_Accept : 0.000 	 TPS_Success : 0.000 	 RecvSec : 4183.047 	 SendSec : 320211.029 	 SendDropSec : 20592292.430
Total Time : 5461.139 	 TPS : 41.732 	 TPS_Accept : 0.000 	 TPS_Success : 0.000 	 RecvSec : 3788.657 	 SendSec : 277778.911 	 SendDropSec : 18663112.736
Total Time : 5521.145 	 TPS : 40.929 	 TPS_Accept : 0.000 	 TPS_Success : 0.000 	 RecvSec : 4101.580 	 SendSec : 321661.831 	 SendDropSec : 20183595.669
Total Time : 5581.156 	 TPS : 40.876 	 TPS_Accept : 0.000 	 TPS_Success : 0.000 	 RecvSec : 4040.170 	 SendSec : 312903.711 	 SendDropSec : 19885342.863
Total Time : 5641.175 	 TPS : 41.137 	 TPS_Accept : 0.000 	 TPS_Success : 0.000 	 RecvSec : 3933.017 	 SendSec : 308185.683 	 SendDropSec : 19354456.943
Total Time : 5701.201 	 TPS : 41.466 	 TPS_Accept : 0.000 	 TPS_Success : 0.000 	 RecvSec : 3832.741 	 SendSec : 292327.224 	 SendDropSec : 18869014.466
Total Time : 5761.222 	 TPS : 40.536 	 TPS_Accept : 0.000 	 TPS_Success : 0.000 	 RecvSec : 4298.021 	 SendSec : 327836.538 	 SendDropSec : 21159422.536
Total Time : 5821.242 	 TPS : 41.002 	 TPS_Accept : 0.000 	 TPS_Success : 0.000 	 RecvSec : 4137.335 	 SendSec : 311448.986 	 SendDropSec : 20372544.279
Total Time : 5881.253 	 TPS : 41.443 	 TPS_Accept : 0.000 	 TPS_Success : 0.000 	 RecvSec : 3876.255 	 SendSec : 295662.239 	 SendDropSec : 19083194.850
Total Time : 5941.264 	 TPS : 41.375 	 TPS_Accept : 0.000 	 TPS_Success : 0.000 	 RecvSec : 3898.758 	 SendSec : 297185.550 	 SendDropSec : 19194140.151
Total Time : 6001.283 	 TPS : 40.404 	 TPS_Accept : 0.000 	 TPS_Success : 0.000 	 RecvSec : 4002.633 	 SendSec : 308018.234 	 SendDropSec : 19702588.842
Total Time : 6061.295 	 TPS : 43.708 	 TPS_Accept : 0.000 	 TPS_Success : 0.000 	 RecvSec : 3806.541 	 SendSec : 290007.851 	 SendDropSec : 18740411.260
Total Time : 6121.299 	 TPS : 45.031 	 TPS_Accept : 0.000 	 TPS_Success : 0.000 	 RecvSec : 4150.473 	 SendSec : 311804.185 	 SendDropSec : 20437995.412
Total Time : 6181.307 	 TPS : 46.227 	 TPS_Accept : 0.000 	 TPS_Success : 0.000 	 RecvSec : 3941.411 	 SendSec : 295777.104 	 SendDropSec : 19408933.889
Total Time : 6241.314 	 TPS : 45.662 	 TPS_Accept : 0.000 	 TPS_Success : 0.000 	 RecvSec : 4195.128 	 SendSec : 316495.165 	 SendDropSec : 20656543.178
Total Time : 6301.314 	 TPS : 45.450 	 TPS_Accept : 0.000 	 TPS_Success : 0.000 	 RecvSec : 4067.379 	 SendSec : 317493.436 	 SendDropSec : 20016985.281
Total Time : 6361.315 	 TPS : 45.299 	 TPS_Accept : 0.000 	 TPS_Success : 0.000 	 RecvSec : 3914.700 	 SendSec : 293876.166 	 SendDropSec : 19277243.940
Total Time : 6421.328 	 TPS : 44.540 	 TPS_Accept : 0.000 	 TPS_Success : 0.000 	 RecvSec : 3968.771 	 SendSec : 293192.640 	 SendDropSec : 19548198.175
Total Time : 6481.354 	 TPS : 44.748 	 TPS_Accept : 0.000 	 TPS_Success : 0.000 	 RecvSec : 4015.773 	 SendSec : 308777.996 	 SendDropSec : 19767637.436
Total Time : 6541.382 	 TPS : 44.346 	 TPS_Accept : 0.000 	 TPS_Success : 0.000 	 RecvSec : 4077.328 	 SendSec : 301756.352 	 SendDropSec : 20082339.853
Total Time : 6601.395 	 TPS : 44.241 	 TPS_Accept : 0.000 	 TPS_Success : 0.000 	 RecvSec : 4072.591 	 SendSec : 308452.479 	 SendDropSec : 20051987.766
Total Time : 6661.415 	 TPS : 45.968 	 TPS_Accept : 0.000 	 TPS_Success : 0.000 	 RecvSec : 3940.982 	 SendSec : 308747.451 	 SendDropSec : 19393868.348
Total Time : 6721.428 	 TPS : 43.341 	 TPS_Accept : 0.000 	 TPS_Success : 0.000 	 RecvSec : 4131.422 	 SendSec : 318514.559 	 SendDropSec : 20336033.467
Total Time : 6781.442 	 TPS : 45.056 	 TPS_Accept : 0.000 	 TPS_Success : 0.000 	 RecvSec : 4021.238 	 SendSec : 306206.194 	 SendDropSec : 19797539.343
Total Time : 6841.454 	 TPS : 46.391 	 TPS_Accept : 0.000 	 TPS_Success : 0.000 	 RecvSec : 3765.474 	 SendSec : 286866.022 	 SendDropSec : 18538357.609
Total Time : 6901.477 	 TPS : 44.449 	 TPS_Accept : 0.000 	 TPS_Success : 0.000 	 RecvSec : 3960.247 	 SendSec : 298241.767 	 SendDropSec : 19500609.478
Total Time : 6961.491 	 TPS : 45.457 	 TPS_Accept : 0.000 	 TPS_Success : 0.000 	 RecvSec : 3837.615 	 SendSec : 281881.899 	 SendDropSec : 18903873.481
Total Time : 7021.502 	 TPS : 46.008 	 TPS_Accept : 0.000 	 TPS_Success : 0.000 	 RecvSec : 4054.519 	 SendSec : 310534.878 	 SendDropSec : 19959642.120
Total Time : 7081.506 	 TPS : 43.897 	 TPS_Accept : 0.000 	 TPS_Success : 0.000 	 RecvSec : 4315.466 	 SendSec : 325142.367 	 SendDropSec : 21249435.700
Total Time : 7141.508 	 TPS : 45.782 	 TPS_Accept : 0.000 	 TPS_Success : 0.000 	 RecvSec : 3971.875 	 SendSec : 304181.797 	 SendDropSec : 19552800.895
Total Time : 7201.526 	 TPS : 45.453 	 TPS_Accept : 0.000 	 TPS_Success : 0.000 	 RecvSec : 3915.209 	 SendSec : 294338.351 	 SendDropSec : 19279363.253
Total Time : 7261.547 	 TPS : 45.017 	 TPS_Accept : 0.000 	 TPS_Success : 0.000 	 RecvSec : 4028.609 	 SendSec : 301889.545 	 SendDropSec : 19838696.083
Total Time : 7321.562 	 TPS : 45.689 	 TPS_Accept : 0.000 	 TPS_Success : 0.000 	 RecvSec : 3725.862 	 SendSec : 283265.620 	 SendDropSec : 18343919.314
Total Time : 7381.576 	 TPS : 45.023 	 TPS_Accept : 0.000 	 TPS_Success : 0.000 	 RecvSec : 4018.040 	 SendSec : 305344.495 	 SendDropSec : 19782429.881
Total Time : 7441.592 	 TPS : 45.521 	 TPS_Accept : 0.000 	 TPS_Success : 0.000 	 RecvSec : 4221.397 	 SendSec : 319650.203 	 SendDropSec : 20784735.259
Total Time : 7501.596 	 TPS : 45.830 	 TPS_Accept : 0.000 	 TPS_Success : 0.000 	 RecvSec : 3859.613 	 SendSec : 296432.560 	 SendDropSec : 18999360.734
Total Time : 7561.600 	 TPS : 45.263 	 TPS_Accept : 0.000 	 TPS_Success : 0.000 	 RecvSec : 3659.156 	 SendSec : 280006.497 	 SendDropSec : 18013697.272
Total Time : 7621.617 	 TPS : 40.855 	 TPS_Accept : 0.000 	 TPS_Success : 0.000 	 RecvSec : 3840.849 	 SendSec : 292455.514 	 SendDropSec : 18909403.751
Total Time : 7681.638 	 TPS : 42.118 	 TPS_Accept : 0.000 	 TPS_Success : 0.000 	 RecvSec : 3912.548 	 SendSec : 289470.272 	 SendDropSec : 19270823.141
Total Time : 7741.668 	 TPS : 41.996 	 TPS_Accept : 0.000 	 TPS_Success : 0.000 	 RecvSec : 4112.571 	 SendSec : 308175.659 	 SendDropSec : 20252055.066
Total Time : 7801.679 	 TPS : 44.992 	 TPS_Accept : 0.000 	 TPS_Success : 0.000 	 RecvSec : 3909.105 	 SendSec : 285995.074 	 SendDropSec : 19257125.129
Total Time : 7861.708 	 TPS : 45.777 	 TPS_Accept : 0.000 	 TPS_Success : 0.000 	 RecvSec : 4010.644 	 SendSec : 301208.290 	 SendDropSec : 19749606.004
Total Time : 7921.714 	 TPS : 45.979 	 TPS_Accept : 0.000 	 TPS_Success : 0.000 	 RecvSec : 3853.449 	 SendSec : 295800.678 	 SendDropSec : 18969213.499
Total Time : 7981.719 	 TPS : 45.780 	 TPS_Accept : 0.000 	 TPS_Success : 0.000 	 RecvSec : 4049.397 	 SendSec : 304680.516 	 SendDropSec : 19939885.975
Total Time : 8041.740 	 TPS : 45.551 	 TPS_Accept : 0.000 	 TPS_Success : 0.000 	 RecvSec : 4243.896 	 SendSec : 324581.743 	 SendDropSec : 20892298.075
Total Time : 8101.751 	 TPS : 46.124 	 TPS_Accept : 0.000 	 TPS_Success : 0.000 	 RecvSec : 3950.581 	 SendSec : 294183.256 	 SendDropSec : 19456384.511
Total Time : 8161.757 	 TPS : 45.029 	 TPS_Accept : 0.000 	 TPS_Success : 0.000 	 RecvSec : 3983.555 	 SendSec : 300610.111 	 SendDropSec : 19614767.830
Total Time : 8221.771 	 TPS : 44.890 	 TPS_Accept : 0.000 	 TPS_Success : 0.000 	 RecvSec : 3802.672 	 SendSec : 284090.233 	 SendDropSec : 18727013.166
Total Time : 8281.786 	 TPS : 45.272 	 TPS_Accept : 0.000 	 TPS_Success : 0.000 	 RecvSec : 3832.278 	 SendSec : 287888.913 	 SendDropSec : 18871235.629
Total Time : 8341.787 	 TPS : 44.383 	 TPS_Accept : 0.000 	 TPS_Success : 0.000 	 RecvSec : 4307.400 	 SendSec : 324780.770 	 SendDropSec : 21209498.363
Total Time : 8401.798 	 TPS : 44.308 	 TPS_Accept : 0.000 	 TPS_Success : 0.000 	 RecvSec : 3952.200 	 SendSec : 294111.921 	 SendDropSec : 19464468.101
Total Time : 8461.812 	 TPS : 45.039 	 TPS_Accept : 0.000 	 TPS_Success : 0.000 	 RecvSec : 4076.847 	 SendSec : 309159.381 	 SendDropSec : 20072595.238
Total Time : 8521.820 	 TPS : 45.261 	 TPS_Accept : 0.000 	 TPS_Success : 0.000 	 RecvSec : 3804.245 	 SendSec : 279907.761 	 SendDropSec : 18739053.166
Total Time : 8581.833 	 TPS : 44.557 	 TPS_Accept : 0.000 	 TPS_Success : 0.000 	 RecvSec : 4309.403 	 SendSec : 327754.775 	 SendDropSec : 21216573.875
Total Time : 8641.836 	 TPS : 46.097 	 TPS_Accept : 0.000 	 TPS_Success : 0.000 	 RecvSec : 3992.331 	 SendSec : 301759.745 	 SendDropSec : 19657541.744
Total Time : 8701.844 	 TPS : 45.678 	 TPS_Accept : 0.000 	 TPS_Success : 0.000 	 RecvSec : 3657.227 	 SendSec : 274982.230 	 SendDropSec : 18009053.165
Total Time : 8761.845 	 TPS : 45.282 	 TPS_Accept : 0.000 	 TPS_Success : 0.000 	 RecvSec : 3887.339 	 SendSec : 292621.646 	 SendDropSec : 19141755.268
Total Time : 8821.867 	 TPS : 46.683 	 TPS_Accept : 0.000 	 TPS_Success : 0.000 	 RecvSec : 3717.260 	 SendSec : 282443.174 	 SendDropSec : 18301771.290
Total Time : 8881.871 	 TPS : 44.430 	 TPS_Accept : 0.000 	 TPS_Success : 0.000 	 RecvSec : 4124.900 	 SendSec : 321970.960 	 SendDropSec : 20300037.222
Total Time : 8941.883 	 TPS : 44.441 	 TPS_Accept : 0.000 	 TPS_Success : 0.000 	 RecvSec : 4278.539 	 SendSec : 336353.360 	 SendDropSec : 21053720.222
Total Time : 9001.902 	 TPS : 44.770 	 TPS_Accept : 0.000 	 TPS_Success : 0.000 	 RecvSec : 4127.255 	 SendSec : 316956.830 	 SendDropSec : 20316829.619
Total Time : 9061.914 	 TPS : 44.691 	 TPS_Accept : 0.000 	 TPS_Success : 0.000 	 RecvSec : 4277.813 	 SendSec : 328116.359 	 SendDropSec : 21058288.023
Total Time : 9121.921 	 TPS : 44.895 	 TPS_Accept : 0.000 	 TPS_Success : 0.000 	 RecvSec : 4126.120 	 SendSec : 308756.951 	 SendDropSec : 20319281.203
Total Time : 9181.934 	 TPS : 45.057 	 TPS_Accept : 0.000 	 TPS_Success : 0.000 	 RecvSec : 4086.411 	 SendSec : 313243.507 	 SendDropSec : 20116339.698
Total Time : 9241.941 	 TPS : 44.928 	 TPS_Accept : 0.000 	 TPS_Success : 0.000 	 RecvSec : 4051.045 	 SendSec : 305371.913 	 SendDropSec : 19947400.477
Total Time : 9301.961 	 TPS : 46.352 	 TPS_Accept : 0.000 	 TPS_Success : 0.000 	 RecvSec : 3933.868 	 SendSec : 301145.738 	 SendDropSec : 19365920.386
Total Time : 9361.979 	 TPS : 44.070 	 TPS_Accept : 0.000 	 TPS_Success : 0.000 	 RecvSec : 3963.434 	 SendSec : 304692.097 	 SendDropSec : 19510115.761
Total Time : 9421.991 	 TPS : 44.875 	 TPS_Accept : 0.000 	 TPS_Success : 0.000 	 RecvSec : 4076.065 	 SendSec : 310573.196 	 SendDropSec : 20067277.200
Total Time : 9482.000 	 TPS : 44.943 	 TPS_Accept : 0.000 	 TPS_Success : 0.000 	 RecvSec : 4052.273 	 SendSec : 305744.089 	 SendDropSec : 19953213.002
Total Time : 9542.014 	 TPS : 44.423 	 TPS_Accept : 0.000 	 TPS_Success : 0.000 	 RecvSec : 4051.134 	 SendSec : 300163.050 	 SendDropSec : 19953004.862
Total Time : 9602.031 	 TPS : 45.904 	 TPS_Accept : 0.000 	 TPS_Success : 0.000 	 RecvSec : 4116.078 	 SendSec : 308999.148 	 SendDropSec : 20268916.549
Total Time : 9662.041 	 TPS : 44.409 	 TPS_Accept : 0.000 	 TPS_Success : 0.000 	 RecvSec : 4124.247 	 SendSec : 305889.711 	 SendDropSec : 20312784.942
Total Time : 9722.042 	 TPS : 43.749 	 TPS_Accept : 0.000 	 TPS_Success : 0.000 	 RecvSec : 4160.971 	 SendSec : 314132.624 	 SendDropSec : 20488171.390
Total Time : 9782.046 	 TPS : 45.447 	 TPS_Accept : 0.000 	 TPS_Success : 0.000 	 RecvSec : 3910.900 	 SendSec : 284251.368 	 SendDropSec : 19267876.414
Total Time : 9842.061 	 TPS : 45.155 	 TPS_Accept : 0.000 	 TPS_Success : 0.000 	 RecvSec : 4041.709 	 SendSec : 301053.862 	 SendDropSec : 19905033.787
Total Time : 9902.067 	 TPS : 45.028 	 TPS_Accept : 0.000 	 TPS_Success : 0.000 	 RecvSec : 4019.567 	 SendSec : 310971.529 	 SendDropSec : 19784466.428
Total Time : 9962.072 	 TPS : 45.530 	 TPS_Accept : 0.000 	 TPS_Success : 0.000 	 RecvSec : 4155.227 	 SendSec : 314877.791 	 SendDropSec : 20458741.641
Total Time : 10022.081 	 TPS : 44.093 	 TPS_Accept : 0.000 	 TPS_Success : 0.000 	 RecvSec : 3970.712 	 SendSec : 301333.562 	 SendDropSec : 19549841.584
Total Time : 10082.093 	 TPS : 46.341 	 TPS_Accept : 0.000 	 TPS_Success : 0.000 	 RecvSec : 3802.860 	 SendSec : 294754.730 	 SendDropSec : 18717427.932
Total Time : 10142.112 	 TPS : 44.419 	 TPS_Accept : 0.000 	 TPS_Success : 0.000 	 RecvSec : 4276.390 	 SendSec : 327697.249 	 SendDropSec : 21051596.532
Total Time : 10202.117 	 TPS : 44.363 	 TPS_Accept : 0.000 	 TPS_Success : 0.000 	 RecvSec : 3972.197 	 SendSec : 303484.338 	 SendDropSec : 19555131.665
Total Time : 10262.124 	 TPS : 45.262 	 TPS_Accept : 0.000 	 TPS_Success : 0.000 	 RecvSec : 3879.954 	 SendSec : 298556.360 	 SendDropSec : 19098983.689
Total Time : 10322.133 	 TPS : 44.476 	 TPS_Accept : 0.000 	 TPS_Success : 0.000 	 RecvSec : 4301.982 	 SendSec : 323537.071 	 SendDropSec : 21183680.888
Total Time : 10382.143 	 TPS : 46.376 	 TPS_Accept : 0.000 	 TPS_Success : 0.000 	 RecvSec : 3750.124 	 SendSec : 279466.491 	 SendDropSec : 18469033.841
Total Time : 10442.153 	 TPS : 44.293 	 TPS_Accept : 0.000 	 TPS_Success : 0.000 	 RecvSec : 4124.724 	 SendSec : 299490.429 	 SendDropSec : 20321544.261
Total Time : 10502.160 	 TPS : 45.411 	 TPS_Accept : 0.000 	 TPS_Success : 0.000 	 RecvSec : 4020.791 	 SendSec : 294731.228 	 SendDropSec : 19806780.001
Total Time : 10562.179 	 TPS : 45.536 	 TPS_Accept : 0.000 	 TPS_Success : 0.000 	 RecvSec : 4221.233 	 SendSec : 318582.178 	 SendDropSec : 20784981.092
Total Time : 10622.197 	 TPS : 42.520 	 TPS_Accept : 0.000 	 TPS_Success : 0.000 	 RecvSec : 4256.716 	 SendSec : 318376.383 	 SendDropSec : 20962473.404
Total Time : 10682.219 	 TPS : 45.900 	 TPS_Accept : 0.000 	 TPS_Success : 0.000 	 RecvSec : 4027.425 	 SendSec : 304226.808 	 SendDropSec : 19830496.076
Total Time : 10742.227 	 TPS : 45.244 	 TPS_Accept : 0.000 	 TPS_Success : 0.000 	 RecvSec : 3967.394 	 SendSec : 299606.632 	 SendDropSec : 19535003.653
Total Time : 10802.253 	 TPS : 44.347 	 TPS_Accept : 0.000 	 TPS_Success : 0.000 	 RecvSec : 4093.276 	 SendSec : 313617.438 	 SendDropSec : 20150292.243
Total Time : 10862.274 	 TPS : 46.000 	 TPS_Accept : 0.000 	 TPS_Success : 0.000 	 RecvSec : 4072.657 	 SendSec : 303807.941 	 SendDropSec : 20057034.689
Total Time : 10922.280 	 TPS : 43.979 	 TPS_Accept : 0.000 	 TPS_Success : 0.000 	 RecvSec : 4061.095 	 SendSec : 307400.520 	 SendDropSec : 19995610.568
Total Time : 10982.291 	 TPS : 45.458 	 TPS_Accept : 0.000 	 TPS_Success : 0.000 	 RecvSec : 3944.306 	 SendSec : 300456.178 	 SendDropSec : 19418767.247
Total Time : 11042.307 	 TPS : 45.238 	 TPS_Accept : 0.000 	 TPS_Success : 0.000 	 RecvSec : 3988.694 	 SendSec : 310191.810 	 SendDropSec : 19630944.891
Total Time : 11102.339 	 TPS : 45.875 	 TPS_Accept : 0.000 	 TPS_Success : 0.000 	 RecvSec : 4089.061 	 SendSec : 317359.448 	 SendDropSec : 20125527.170
Total Time : 11162.341 	 TPS : 44.332 	 TPS_Accept : 0.000 	 TPS_Success : 0.000 	 RecvSec : 3874.834 	 SendSec : 298495.116 	 SendDropSec : 19073435.280
Total Time : 11222.346 	 TPS : 45.296 	 TPS_Accept : 0.000 	 TPS_Success : 0.000 	 RecvSec : 4036.065 	 SendSec : 305472.559 	 SendDropSec : 19872454.535
Total Time : 11282.365 	 TPS : 44.886 	 TPS_Accept : 0.000 	 TPS_Success : 0.000 	 RecvSec : 4027.691 	 SendSec : 304278.305 	 SendDropSec : 19831764.603
Total Time : 11342.373 	 TPS : 45.143 	 TPS_Accept : 0.000 	 TPS_Success : 0.000 	 RecvSec : 3947.171 	 SendSec : 299494.618 	 SendDropSec : 19434018.653
Total Time : 11402.403 	 TPS : 45.844 	 TPS_Accept : 0.000 	 TPS_Success : 0.000 	 RecvSec : 4096.379 	 SendSec : 315358.273 	 SendDropSec : 20164118.346
Total Time : 11462.413 	 TPS : 44.726 	 TPS_Accept : 0.000 	 TPS_Success : 0.000 	 RecvSec : 4256.223 	 SendSec : 320212.712 	 SendDropSec : 20958263.482
Total Time : 11522.413 	 TPS : 44.933 	 TPS_Accept : 0.000 	 TPS_Success : 0.000 	 RecvSec : 3953.030 	 SendSec : 305068.470 	 SendDropSec : 19457783.810
Total Time : 11582.431 	 TPS : 45.020 	 TPS_Accept : 0.000 	 TPS_Success : 0.000 	 RecvSec : 4004.190 	 SendSec : 302599.462 	 SendDropSec : 19715990.153
Total Time : 11642.448 	 TPS : 44.338 	 TPS_Accept : 0.000 	 TPS_Success : 0.000 	 RecvSec : 3974.767 	 SendSec : 296624.305 	 SendDropSec : 19574804.588
Total Time : 11702.458 	 TPS : 45.109 	 TPS_Accept : 0.000 	 TPS_Success : 0.000 	 RecvSec : 4041.168 	 SendSec : 301044.040 	 SendDropSec : 19902376.938
Total Time : 11762.471 	 TPS : 44.440 	 TPS_Accept : 0.000 	 TPS_Success : 0.000 	 RecvSec : 4220.866 	 SendSec : 315127.272 	 SendDropSec : 20786557.456
Total Time : 11822.490 	 TPS : 43.836 	 TPS_Accept : 0.000 	 TPS_Success : 0.000 	 RecvSec : 4193.510 	 SendSec : 322368.333 	 SendDropSec : 20642603.172
Total Time : 11882.512 	 TPS : 44.967 	 TPS_Accept : 0.000 	 TPS_Success : 0.000 	 RecvSec : 4016.274 	 SendSec : 301584.884 	 SendDropSec : 19777393.757
Total Time : 11942.529 	 TPS : 44.988 	 TPS_Accept : 0.000 	 TPS_Success : 0.000 	 RecvSec : 4051.181 	 SendSec : 302983.659 	 SendDropSec : 19950478.419
Total Time : 12002.545 	 TPS : 45.171 	 TPS_Accept : 0.000 	 TPS_Success : 0.000 	 RecvSec : 3973.346 	 SendSec : 299085.506 	 SendDropSec : 19565294.849
Total Time : 12062.552 	 TPS : 45.828 	 TPS_Accept : 0.000 	 TPS_Success : 0.000 	 RecvSec : 3694.423 	 SendSec : 287442.162 	 SendDropSec : 18182652.863
Total Time : 12122.564 	 TPS : 44.774 	 TPS_Accept : 0.000 	 TPS_Success : 0.000 	 RecvSec : 4052.818 	 SendSec : 309965.853 	 SendDropSec : 19951699.843
Total Time : 12182.580 	 TPS : 45.255 	 TPS_Accept : 0.000 	 TPS_Success : 0.000 	 RecvSec : 3896.676 	 SendSec : 298005.363 	 SendDropSec : 19183115.647
Total Time : 12242.582 	 TPS : 44.432 	 TPS_Accept : 0.000 	 TPS_Success : 0.000 	 RecvSec : 3849.228 	 SendSec : 290548.835 	 SendDropSec : 18953328.717
Total Time : 12302.597 	 TPS : 45.372 	 TPS_Accept : 0.000 	 TPS_Success : 0.000 	 RecvSec : 3826.160 	 SendSec : 293912.108 	 SendDropSec : 18834719.230
Total Time : 12362.605 	 TPS : 45.110 	 TPS_Accept : 0.000 	 TPS_Success : 0.000 	 RecvSec : 4037.610 	 SendSec : 305171.669 	 SendDropSec : 19880452.491
Total Time : 12422.619 	 TPS : 44.857 	 TPS_Accept : 0.000 	 TPS_Success : 0.000 	 RecvSec : 3948.073 	 SendSec : 301358.688 	 SendDropSec : 19436695.332
Total Time : 12482.627 	 TPS : 44.744 	 TPS_Accept : 0.000 	 TPS_Success : 0.000 	 RecvSec : 4007.678 	 SendSec : 298856.544 	 SendDropSec : 19737113.371
Total Time : 12542.644 	 TPS : 44.904 	 TPS_Accept : 0.000 	 TPS_Success : 0.000 	 RecvSec : 4003.735 	 SendSec : 308211.437 	 SendDropSec : 19708092.438
Total Time : 12602.651 	 TPS : 45.978 	 TPS_Accept : 0.000 	 TPS_Success : 0.000 	 RecvSec : 3740.352 	 SendSec : 282070.780 	 SendDropSec : 18417566.499
Total Time : 12662.663 	 TPS : 44.874 	 TPS_Accept : 0.000 	 TPS_Success : 0.000 	 RecvSec : 3900.608 	 SendSec : 297157.076 	 SendDropSec : 19203596.568
Total Time : 12722.678 	 TPS : 46.055 	 TPS_Accept : 0.000 	 TPS_Success : 0.000 	 RecvSec : 3920.593 	 SendSec : 295334.040 	 SendDropSec : 19305365.316
Total Time : 12782.692 	 TPS : 44.956 	 TPS_Accept : 0.000 	 TPS_Success : 0.000 	 RecvSec : 4057.487 	 SendSec : 313682.047 	 SendDropSec : 19971345.185
Total Time : 12842.696 	 TPS : 44.947 	 TPS_Accept : 0.000 	 TPS_Success : 0.000 	 RecvSec : 4220.593 	 SendSec : 319074.785 	 SendDropSec : 20781323.717
Total Time : 12902.707 	 TPS : 44.775 	 TPS_Accept : 0.000 	 TPS_Success : 0.000 	 RecvSec : 4156.827 	 SendSec : 316571.186 	 SendDropSec : 20465048.326
Total Time : 12962.721 	 TPS : 44.790 	 TPS_Accept : 0.000 	 TPS_Success : 0.000 	 RecvSec : 4102.087 	 SendSec : 311611.597 	 SendDropSec : 20196355.892
Total Time : 13022.732 	 TPS : 44.425 	 TPS_Accept : 0.000 	 TPS_Success : 0.000 	 RecvSec : 4176.140 	 SendSec : 323035.045 	 SendDropSec : 20555147.491
Total Time : 13082.745 	 TPS : 44.074 	 TPS_Accept : 0.000 	 TPS_Success : 0.000 	 RecvSec : 4360.705 	 SendSec : 339055.865 	 SendDropSec : 21461765.666
Total Time : 13142.749 	 TPS : 44.363 	 TPS_Accept : 0.000 	 TPS_Success : 0.000 	 RecvSec : 3796.009 	 SendSec : 284182.164 	 SendDropSec : 18693681.166
Total Time : 13202.763 	 TPS : 45.106 	 TPS_Accept : 0.000 	 TPS_Success : 0.000 	 RecvSec : 4027.814 	 SendSec : 297927.664 	 SendDropSec : 19838700.584
Total Time : 13262.771 	 TPS : 44.127 	 TPS_Accept : 0.000 	 TPS_Success : 0.000 	 RecvSec : 4190.411 	 SendSec : 317462.332 	 SendDropSec : 20632026.699
Total Time : 13322.772 	 TPS : 45.266 	 TPS_Accept : 0.000 	 TPS_Success : 0.000 	 RecvSec : 3783.393 	 SendSec : 294415.480 	 SendDropSec : 18620429.954
Total Time : 13382.781 	 TPS : 46.060 	 TPS_Accept : 0.000 	 TPS_Success : 0.000 	 RecvSec : 3961.217 	 SendSec : 293190.196 	 SendDropSec : 19510545.791
Total Time : 13442.793 	 TPS : 44.758 	 TPS_Accept : 0.000 	 TPS_Success : 0.000 	 RecvSec : 4200.349 	 SendSec : 320257.422 	 SendDropSec : 20678934.960
Total Time : 13502.794 	 TPS : 45.833 	 TPS_Accept : 0.000 	 TPS_Success : 0.000 	 RecvSec : 3862.198 	 SendSec : 288811.937 	 SendDropSec : 19019932.170
Total Time : 13562.802 	 TPS : 45.160 	 TPS_Accept : 0.000 	 TPS_Success : 0.000 	 RecvSec : 4060.276 	 SendSec : 303136.080 	 SendDropSec : 19995820.958
Total Time : 13622.804 	 TPS : 45.499 	 TPS_Accept : 0.000 	 TPS_Success : 0.000 	 RecvSec : 3783.237 	 SendSec : 285769.244 	 SendDropSec : 18628239.975
Total Time : 13682.830 	 TPS : 45.147 	 TPS_Accept : 0.000 	 TPS_Success : 0.000 	 RecvSec : 3862.655 	 SendSec : 298277.524 	 SendDropSec : 19012798.100
Total Time : 13742.832 	 TPS : 45.398 	 TPS_Accept : 0.000 	 TPS_Success : 0.000 	 RecvSec : 4182.593 	 SendSec : 318304.438 	 SendDropSec : 20592167.234
Total Time : 13802.833 	 TPS : 45.383 	 TPS_Accept : 0.000 	 TPS_Success : 0.000 	 RecvSec : 3826.127 	 SendSec : 290551.818 	 SendDropSec : 18837920.927
Total Time : 13862.839 	 TPS : 45.296 	 TPS_Accept : 0.000 	 TPS_Success : 0.000 	 RecvSec : 3879.752 	 SendSec : 301234.035 	 SendDropSec : 19095318.338
Total Time : 13922.850 	 TPS : 44.975 	 TPS_Accept : 0.000 	 TPS_Success : 0.000 	 RecvSec : 4075.956 	 SendSec : 311771.711 	 SendDropSec : 20065599.180
Total Time : 13982.864 	 TPS : 44.590 	 TPS_Accept : 0.000 	 TPS_Success : 0.000 	 RecvSec : 4078.343 	 SendSec : 300219.878 	 SendDropSec : 20088999.352
Total Time : 14042.864 	 TPS : 44.216 	 TPS_Accept : 0.000 	 TPS_Success : 0.000 	 RecvSec : 4007.135 	 SendSec : 299124.814 	 SendDropSec : 19734149.989
Total Time : 14102.879 	 TPS : 45.139 	 TPS_Accept : 0.000 	 TPS_Success : 0.000 	 RecvSec : 3956.146 	 SendSec : 298132.981 	 SendDropSec : 19480262.261
Total Time : 14162.882 	 TPS : 45.281 	 TPS_Accept : 0.000 	 TPS_Success : 0.000 	 RecvSec : 3976.806 	 SendSec : 306206.366 	 SendDropSec : 19575525.263
Total Time : 14222.890 	 TPS : 45.061 	 TPS_Accept : 0.000 	 TPS_Success : 0.000 	 RecvSec : 3963.113 	 SendSec : 307220.928 	 SendDropSec : 19506073.990
Total Time : 14282.892 	 TPS : 44.715 	 TPS_Accept : 0.000 	 TPS_Success : 0.000 	 RecvSec : 4119.568 	 SendSec : 309797.404 	 SendDropSec : 20285552.230
Total Time : 14342.896 	 TPS : 44.514 	 TPS_Accept : 0.000 	 TPS_Success : 0.000 	 RecvSec : 3993.571 	 SendSec : 304371.313 	 SendDropSec : 19661144.318
Total Time : 14402.898 	 TPS : 45.315 	 TPS_Accept : 0.000 	 TPS_Success : 0.000 	 RecvSec : 4012.986 	 SendSec : 306969.916 	 SendDropSec : 19755591.442
Total Time : 14462.904 	 TPS : 45.562 	 TPS_Accept : 0.000 	 TPS_Success : 0.000 	 RecvSec : 3804.347 	 SendSec : 284369.415 	 SendDropSec : 18735187.849
Total Time : 14522.920 	 TPS : 46.204 	 TPS_Accept : 0.000 	 TPS_Success : 0.000 	 RecvSec : 3916.910 	 SendSec : 297471.008 	 SendDropSec : 19284851.928
Total Time : 14582.930 	 TPS : 45.409 	 TPS_Accept : 0.000 	 TPS_Success : 0.000 	 RecvSec : 3878.739 	 SendSec : 297747.526 	 SendDropSec : 19093739.498
Total Time : 14642.931 	 TPS : 44.733 	 TPS_Accept : 0.000 	 TPS_Success : 0.000 	 RecvSec : 4056.345 	 SendSec : 312009.634 	 SendDropSec : 19967326.893
Total Time : 14702.946 	 TPS : 45.455 	 TPS_Accept : 0.000 	 TPS_Success : 0.000 	 RecvSec : 3832.879 	 SendSec : 283681.398 	 SendDropSec : 18878499.732
Total Time : 14762.954 	 TPS : 45.610 	 TPS_Accept : 0.000 	 TPS_Success : 0.000 	 RecvSec : 3884.331 	 SendSec : 299488.054 	 SendDropSec : 19119966.396
Total Time : 14822.974 	 TPS : 44.752 	 TPS_Accept : 0.000 	 TPS_Success : 0.000 	 RecvSec : 4160.250 	 SendSec : 314607.932 	 SendDropSec : 20484115.899
Total Time : 14882.992 	 TPS : 45.170 	 TPS_Accept : 0.000 	 TPS_Success : 0.000 	 RecvSec : 3884.171 	 SendSec : 299266.439 	 SendDropSec : 19119382.226
Total Time : 14943.010 	 TPS : 45.636 	 TPS_Accept : 0.000 	 TPS_Success : 0.000 	 RecvSec : 4169.710 	 SendSec : 312011.763 	 SendDropSec : 20534020.024
Total Time : 15003.031 	 TPS : 44.068 	 TPS_Accept : 0.000 	 TPS_Success : 0.000 	 RecvSec : 4028.662 	 SendSec : 308393.467 	 SendDropSec : 19832517.554
Total Time : 15063.033 	 TPS : 44.999 	 TPS_Accept : 0.000 	 TPS_Success : 0.000 	 RecvSec : 4051.492 	 SendSec : 301482.224 	 SendDropSec : 19953552.996
Total Time : 15123.053 	 TPS : 45.968 	 TPS_Accept : 0.000 	 TPS_Success : 0.000 	 RecvSec : 4012.377 	 SendSec : 303984.495 	 SendDropSec : 19755578.246
Total Time : 15183.055 	 TPS : 44.216 	 TPS_Accept : 0.000 	 TPS_Success : 0.000 	 RecvSec : 3958.408 	 SendSec : 301064.929 	 SendDropSec : 19488626.093
Total Time : 15243.072 	 TPS : 46.037 	 TPS_Accept : 0.000 	 TPS_Success : 0.000 	 RecvSec : 3968.101 	 SendSec : 306203.731 	 SendDropSec : 19532061.053
Total Time : 15303.077 	 TPS : 45.063 	 TPS_Accept : 0.000 	 TPS_Success : 0.000 	 RecvSec : 4122.718 	 SendSec : 313003.590 	 SendDropSec : 20298114.160
Total Time : 15363.104 	 TPS : 45.097 	 TPS_Accept : 0.000 	 TPS_Success : 0.000 	 RecvSec : 4067.337 	 SendSec : 308565.921 	 SendDropSec : 20025722.081
Total Time : 15423.133 	 TPS : 45.128 	 TPS_Accept : 0.000 	 TPS_Success : 0.000 	 RecvSec : 4097.256 	 SendSec : 307730.911 	 SendDropSec : 20176085.793
Total Time : 15483.137 	 TPS : 44.830 	 TPS_Accept : 0.000 	 TPS_Success : 0.000 	 RecvSec : 4098.605 	 SendSec : 312476.345 	 SendDropSec : 20178108.130
Total Time : 15543.144 	 TPS : 43.695 	 TPS_Accept : 0.000 	 TPS_Success : 0.000 	 RecvSec : 4173.511 	 SendSec : 320675.553 	 SendDropSec : 20544358.041
Total Time : 15603.150 	 TPS : 44.045 	 TPS_Accept : 0.000 	 TPS_Success : 0.000 	 RecvSec : 4494.390 	 SendSec : 337742.438 	 SendDropSec : 22131355.028
Total Time : 15663.158 	 TPS : 44.611 	 TPS_Accept : 0.000 	 TPS_Success : 0.000 	 RecvSec : 3894.184 	 SendSec : 291003.612 	 SendDropSec : 19177646.801
Total Time : 15723.175 	 TPS : 45.937 	 TPS_Accept : 0.000 	 TPS_Success : 0.000 	 RecvSec : 3998.501 	 SendSec : 299390.653 	 SendDropSec : 19690767.126
Total Time : 15783.176 	 TPS : 44.549 	 TPS_Accept : 0.000 	 TPS_Success : 0.000 	 RecvSec : 4158.354 	 SendSec : 312750.504 	 SendDropSec : 20476495.431
Total Time : 15843.177 	 TPS : 44.916 	 TPS_Accept : 0.000 	 TPS_Success : 0.000 	 RecvSec : 4067.567 	 SendSec : 305072.910 	 SendDropSec : 20030340.957
Total Time : 15903.202 	 TPS : 43.815 	 TPS_Accept : 0.000 	 TPS_Success : 0.000 	 RecvSec : 4258.928 	 SendSec : 323573.846 	 SendDropSec : 20968418.404
Total Time : 15963.218 	 TPS : 44.404 	 TPS_Accept : 0.000 	 TPS_Success : 0.000 	 RecvSec : 4251.811 	 SendSec : 321642.971 	 SendDropSec : 20934816.567
Total Time : 16023.232 	 TPS : 44.523 	 TPS_Accept : 0.000 	 TPS_Success : 0.000 	 RecvSec : 4252.309 	 SendSec : 325295.813 	 SendDropSec : 20933663.158
Total Time : 16083.248 	 TPS : 44.388 	 TPS_Accept : 0.000 	 TPS_Success : 0.000 	 RecvSec : 4172.879 	 SendSec : 315555.488 	 SendDropSec : 20546300.629
Total Time : 16143.265 	 TPS : 43.838 	 TPS_Accept : 0.000 	 TPS_Success : 0.000 	 RecvSec : 4114.854 	 SendSec : 307076.564 	 SendDropSec : 20264678.917
Total Time : 16203.279 	 TPS : 46.072 	 TPS_Accept : 0.000 	 TPS_Success : 0.000 	 RecvSec : 3821.255 	 SendSec : 291925.893 	 SendDropSec : 18812218.193
Total Time : 16263.291 	 TPS : 46.108 	 TPS_Accept : 0.000 	 TPS_Success : 0.000 	 RecvSec : 3859.034 	 SendSec : 292579.895 	 SendDropSec : 19000428.845
Total Time : 16323.293 	 TPS : 45.482 	 TPS_Accept : 0.000 	 TPS_Success : 0.000 	 RecvSec : 3853.172 	 SendSec : 291314.427 	 SendDropSec : 18972349.596
Total Time : 16383.309 	 TPS : 44.721 	 TPS_Accept : 0.000 	 TPS_Success : 0.000 	 RecvSec : 4033.156 	 SendSec : 306757.343 	 SendDropSec : 19856645.242
Total Time : 16443.313 	 TPS : 45.797 	 TPS_Accept : 0.000 	 TPS_Success : 0.000 	 RecvSec : 4008.062 	 SendSec : 311851.001 	 SendDropSec : 19726170.639
Total Time : 16503.314 	 TPS : 45.333 	 TPS_Accept : 0.000 	 TPS_Success : 0.000 	 RecvSec : 3820.521 	 SendSec : 284032.730 	 SendDropSec : 18816366.966
Total Time : 16563.337 	 TPS : 45.200 	 TPS_Accept : 0.000 	 TPS_Success : 0.000 	 RecvSec : 3999.060 	 SendSec : 297015.382 	 SendDropSec : 19695942.821
Total Time : 16623.343 	 TPS : 45.729 	 TPS_Accept : 0.000 	 TPS_Success : 0.000 	 RecvSec : 4146.874 	 SendSec : 315193.560 	 SendDropSec : 20416715.233
Total Time : 16683.362 	 TPS : 44.869 	 TPS_Accept : 0.000 	 TPS_Success : 0.000 	 RecvSec : 4037.156 	 SendSec : 303174.986 	 SendDropSec : 19880221.278
Total Time : 16743.367 	 TPS : 45.213 	 TPS_Accept : 0.000 	 TPS_Success : 0.000 	 RecvSec : 3929.648 	 SendSec : 296013.156 	 SendDropSec : 19349945.796
Total Time : 16803.392 	 TPS : 44.915 	 TPS_Accept : 0.000 	 TPS_Success : 0.000 	 RecvSec : 3813.709 	 SendSec : 289816.501 	 SendDropSec : 18776550.166
Total Time : 16863.414 	 TPS : 44.100 	 TPS_Accept : 0.000 	 TPS_Success : 0.000 	 RecvSec : 3920.368 	 SendSec : 292167.433 	 SendDropSec : 19307351.898
Total Time : 16923.426 	 TPS : 45.108 	 TPS_Accept : 0.000 	 TPS_Success : 0.000 	 RecvSec : 3827.241 	 SendSec : 291241.545 	 SendDropSec : 18842797.462
Total Time : 16983.430 	 TPS : 45.164 	 TPS_Accept : 0.000 	 TPS_Success : 0.000 	 RecvSec : 3894.964 	 SendSec : 288768.893 	 SendDropSec : 19183801.053
Total Time : 17043.437 	 TPS : 45.045 	 TPS_Accept : 0.000 	 TPS_Success : 0.000 	 RecvSec : 4073.718 	 SendSec : 306093.854 	 SendDropSec : 20060069.377
Total Time : 17103.450 	 TPS : 44.874 	 TPS_Accept : 0.000 	 TPS_Success : 0.000 	 RecvSec : 4294.023 	 SendSec : 330396.248 	 SendDropSec : 21137134.700
Total Time : 17163.464 	 TPS : 45.506 	 TPS_Accept : 0.000 	 TPS_Success : 0.000 	 RecvSec : 3968.468 	 SendSec : 300123.182 	 SendDropSec : 19539941.220
Total Time : 17223.484 	 TPS : 44.352 	 TPS_Accept : 0.000 	 TPS_Success : 0.000 	 RecvSec : 3945.091 	 SendSec : 305527.684 	 SendDropSec : 19417651.629
Total Time : 17283.491 	 TPS : 44.695 	 TPS_Accept : 0.000 	 TPS_Success : 0.000 	 RecvSec : 3992.460 	 SendSec : 305577.055 	 SendDropSec : 19654373.575
Total Time : 17343.499 	 TPS : 44.460 	 TPS_Accept : 0.000 	 TPS_Success : 0.000 	 RecvSec : 4221.137 	 SendSec : 311718.450 	 SendDropSec : 20791361.522
Total Time : 17403.504 	 TPS : 44.313 	 TPS_Accept : 0.000 	 TPS_Success : 0.000 	 RecvSec : 3966.772 	 SendSec : 307321.674 	 SendDropSec : 19524261.079
Total Time : 17463.508 	 TPS : 44.897 	 TPS_Accept : 0.000 	 TPS_Success : 0.000 	 RecvSec : 4031.973 	 SendSec : 301376.874 	 SendDropSec : 19856094.745
Total Time : 17523.528 	 TPS : 46.334 	 TPS_Accept : 0.000 	 TPS_Success : 0.000 	 RecvSec : 3989.584 	 SendSec : 306232.335 	 SendDropSec : 19639436.250
Total Time : 17583.547 	 TPS : 44.353 	 TPS_Accept : 0.000 	 TPS_Success : 0.000 	 RecvSec : 4209.353 	 SendSec : 312219.398 	 SendDropSec : 20731962.031
Total Time : 17643.560 	 TPS : 44.707 	 TPS_Accept : 0.000 	 TPS_Success : 0.000 	 RecvSec : 4252.961 	 SendSec : 312412.755 	 SendDropSec : 20949748.636
Total Time : 17703.576 	 TPS : 45.271 	 TPS_Accept : 0.000 	 TPS_Success : 0.000 	 RecvSec : 3887.404 	 SendSec : 291001.361 	 SendDropSec : 19143789.692
Total Time : 17763.582 	 TPS : 44.062 	 TPS_Accept : 0.000 	 TPS_Success : 0.000 	 RecvSec : 4167.349 	 SendSec : 310979.857 	 SendDropSec : 20523208.628
Total Time : 17823.584 	 TPS : 45.115 	 TPS_Accept : 0.000 	 TPS_Success : 0.000 	 RecvSec : 3855.125 	 SendSec : 289407.306 	 SendDropSec : 18984006.617
Total Time : 17883.606 	 TPS : 45.417 	 TPS_Accept : 0.000 	 TPS_Success : 0.000 	 RecvSec : 3908.673 	 SendSec : 295477.588 	 SendDropSec : 19245628.613
Total Time : 17943.611 	 TPS : 43.696 	 TPS_Accept : 0.000 	 TPS_Success : 0.000 	 RecvSec : 4129.877 	 SendSec : 312726.085 	 SendDropSec : 20334150.099
Total Time : 18003.632 	 TPS : 45.134 	 TPS_Accept : 0.000 	 TPS_Success : 0.000 	 RecvSec : 4294.313 	 SendSec : 324430.857 	 SendDropSec : 21144522.708
Total Time : 18063.649 	 TPS : 46.104 	 TPS_Accept : 0.000 	 TPS_Success : 0.000 	 RecvSec : 3866.531 	 SendSec : 294521.946 	 SendDropSec : 19035958.844
Total Time : 18123.672 	 TPS : 44.733 	 TPS_Accept : 0.000 	 TPS_Success : 0.000 	 RecvSec : 4127.483 	 SendSec : 308429.741 	 SendDropSec : 20326497.496
Total Time : 18183.672 	 TPS : 44.833 	 TPS_Accept : 0.000 	 TPS_Success : 0.000 	 RecvSec : 4013.806 	 SendSec : 307671.220 	 SendDropSec : 19759026.813
Total Time : 18243.690 	 TPS : 45.020 	 TPS_Accept : 0.000 	 TPS_Success : 0.000 	 RecvSec : 3983.958 	 SendSec : 302814.517 	 SendDropSec : 19614660.206
Total Time : 18303.710 	 TPS : 45.169 	 TPS_Accept : 0.000 	 TPS_Success : 0.000 	 RecvSec : 3923.350 	 SendSec : 296268.012 	 SendDropSec : 19318214.934
Total Time : 18363.729 	 TPS : 44.519 	 TPS_Accept : 0.000 	 TPS_Success : 0.000 	 RecvSec : 3824.353 	 SendSec : 290200.919 	 SendDropSec : 18829382.565
Total Time : 18423.749 	 TPS : 36.638 	 TPS_Accept : 0.000 	 TPS_Success : 0.000 	 RecvSec : 3859.670 	 SendSec : 287930.853 	 SendDropSec : 19007920.667
Total Time : 18483.772 	 TPS : 39.618 	 TPS_Accept : 0.000 	 TPS_Success : 0.000 	 RecvSec : 3903.068 	 SendSec : 293925.042 	 SendDropSec : 19218969.129
Total Time : 18543.783 	 TPS : 42.026 	 TPS_Accept : 0.000 	 TPS_Success : 0.000 	 RecvSec : 3766.220 	 SendSec : 291816.424 	 SendDropSec : 18537091.503
Total Time : 18603.795 	 TPS : 42.125 	 TPS_Accept : 0.000 	 TPS_Success : 0.000 	 RecvSec : 4152.242 	 SendSec : 311672.759 	 SendDropSec : 20446951.362
Total Time : 18663.812 	 TPS : 43.471 	 TPS_Accept : 0.000 	 TPS_Success : 0.000 	 RecvSec : 3638.846 	 SendSec : 288295.529 	 SendDropSec : 17903949.147
Total Time : 18723.822 	 TPS : 42.627 	 TPS_Accept : 0.000 	 TPS_Success : 0.000 	 RecvSec : 4116.647 	 SendSec : 314055.352 	 SendDropSec : 20266667.921
Total Time : 18783.841 	 TPS : 43.820 	 TPS_Accept : 0.000 	 TPS_Success : 0.000 	 RecvSec : 4072.707 	 SendSec : 304828.507 	 SendDropSec : 20056245.032
Total Time : 18843.847 	 TPS : 44.912 	 TPS_Accept : 0.000 	 TPS_Success : 0.000 	 RecvSec : 4129.333 	 SendSec : 317850.384 	 SendDropSec : 20326359.224
Total Time : 18903.847 	 TPS : 45.950 	 TPS_Accept : 0.000 	 TPS_Success : 0.000 	 RecvSec : 4029.051 	 SendSec : 309571.080 	 SendDropSec : 19833376.688
Total Time : 18963.849 	 TPS : 46.032 	 TPS_Accept : 0.000 	 TPS_Success : 0.000 	 RecvSec : 4011.906 	 SendSec : 309124.863 	 SendDropSec : 19748117.886
Total Time : 19023.862 	 TPS : 45.957 	 TPS_Accept : 0.000 	 TPS_Success : 0.000 	 RecvSec : 4021.572 	 SendSec : 301116.984 	 SendDropSec : 19804412.922
Total Time : 19083.862 	 TPS : 46.833 	 TPS_Accept : 0.000 	 TPS_Success : 0.000 	 RecvSec : 3595.882 	 SendSec : 267602.234 	 SendDropSec : 17709879.679
Total Time : 19143.871 	 TPS : 45.060 	 TPS_Accept : 0.000 	 TPS_Success : 0.000 	 RecvSec : 3912.765 	 SendSec : 300203.628 	 SendDropSec : 19261395.357
Total Time : 19203.876 	 TPS : 44.847 	 TPS_Accept : 0.000 	 TPS_Success : 0.000 	 RecvSec : 4254.974 	 SendSec : 318071.324 	 SendDropSec : 20954184.574
Total Time : 19263.888 	 TPS : 45.107 	 TPS_Accept : 0.000 	 TPS_Success : 0.000 	 RecvSec : 4020.615 	 SendSec : 305965.340 	 SendDropSec : 19794765.979
Total Time : 19323.893 	 TPS : 44.763 	 TPS_Accept : 0.000 	 TPS_Success : 0.000 	 RecvSec : 4182.101 	 SendSec : 317622.639 	 SendDropSec : 20590384.058
Total Time : 19383.913 	 TPS : 45.035 	 TPS_Accept : 0.000 	 TPS_Success : 0.000 	 RecvSec : 3969.658 	 SendSec : 301877.490 	 SendDropSec : 19544111.891
Total Time : 19443.919 	 TPS : 45.678 	 TPS_Accept : 0.000 	 TPS_Success : 0.000 	 RecvSec : 4121.922 	 SendSec : 310792.209 	 SendDropSec : 20296389.229
Total Time : 19503.923 	 TPS : 45.080 	 TPS_Accept : 0.000 	 TPS_Success : 0.000 	 RecvSec : 4046.095 	 SendSec : 306052.799 	 SendDropSec : 19922045.643
Total Time : 19563.945 	 TPS : 44.884 	 TPS_Accept : 0.000 	 TPS_Success : 0.000 	 RecvSec : 4007.233 	 SendSec : 298135.660 	 SendDropSec : 19735647.400
Total Time : 19623.946 	 TPS : 45.399 	 TPS_Accept : 0.000 	 TPS_Success : 0.000 	 RecvSec : 3823.824 	 SendSec : 288196.202 	 SendDropSec : 18828739.951
Total Time : 19683.962 	 TPS : 44.738 	 TPS_Accept : 0.000 	 TPS_Success : 0.000 	 RecvSec : 3979.409 	 SendSec : 302827.613 	 SendDropSec : 19591912.418
Total Time : 19743.969 	 TPS : 46.044 	 TPS_Accept : 0.000 	 TPS_Success : 0.000 	 RecvSec : 3846.719 	 SendSec : 291252.664 	 SendDropSec : 18940203.575
Total Time : 19803.977 	 TPS : 44.244 	 TPS_Accept : 0.000 	 TPS_Success : 0.000 	 RecvSec : 4139.229 	 SendSec : 316698.810 	 SendDropSec : 20376959.641
Total Time : 19863.986 	 TPS : 45.744 	 TPS_Accept : 0.000 	 TPS_Success : 0.000 	 RecvSec : 3997.158 	 SendSec : 296349.730 	 SendDropSec : 19687108.145
Total Time : 19924.005 	 TPS : 46.151 	 TPS_Accept : 0.000 	 TPS_Success : 0.000 	 RecvSec : 3899.443 	 SendSec : 291101.600 	 SendDropSec : 19203904.186
Total Time : 19984.006 	 TPS : 45.266 	 TPS_Accept : 0.000 	 TPS_Success : 0.000 	 RecvSec : 3887.050 	 SendSec : 288976.569 	 SendDropSec : 19144033.748
Total Time : 20044.023 	 TPS : 43.871 	 TPS_Accept : 0.000 	 TPS_Success : 0.000 	 RecvSec : 4105.022 	 SendSec : 314384.903 	 SendDropSec : 20208247.637
Total Time : 20104.031 	 TPS : 43.311 	 TPS_Accept : 0.000 	 TPS_Success : 0.000 	 RecvSec : 4217.946 	 SendSec : 322862.674 	 SendDropSec : 20764279.341
Total Time : 20164.035 	 TPS : 45.814 	 TPS_Accept : 0.000 	 TPS_Success : 0.000 	 RecvSec : 3928.029 	 SendSec : 296838.073 	 SendDropSec : 19341081.997
Total Time : 20224.050 	 TPS : 44.156 	 TPS_Accept : 0.000 	 TPS_Success : 0.000 	 RecvSec : 4120.318 	 SendSec : 322035.166 	 SendDropSec : 20277123.431
Total Time : 20284.063 	 TPS : 44.607 	 TPS_Accept : 0.000 	 TPS_Success : 0.000 	 RecvSec : 4071.991 	 SendSec : 302781.072 	 SendDropSec : 20054717.656
Total Time : 20344.065 	 TPS : 44.982 	 TPS_Accept : 0.000 	 TPS_Success : 0.000 	 RecvSec : 4010.067 	 SendSec : 307079.236 	 SendDropSec : 19740950.590
Total Time : 20404.076 	 TPS : 44.908 	 TPS_Accept : 0.000 	 TPS_Success : 0.000 	 RecvSec : 4016.416 	 SendSec : 304944.579 	 SendDropSec : 19774781.067
Total Time : 20464.106 	 TPS : 43.978 	 TPS_Accept : 0.000 	 TPS_Success : 0.000 	 RecvSec : 4075.800 	 SendSec : 302290.635 	 SendDropSec : 20074263.691
Total Time : 20524.130 	 TPS : 45.365 	 TPS_Accept : 0.000 	 TPS_Success : 0.000 	 RecvSec : 3941.424 	 SendSec : 295071.576 	 SendDropSec : 19409769.382
Total Time : 20584.149 	 TPS : 45.102 	 TPS_Accept : 0.000 	 TPS_Success : 0.000 	 RecvSec : 3962.178 	 SendSec : 295515.286 	 SendDropSec : 19513041.708
Total Time : 20644.169 	 TPS : 45.552 	 TPS_Accept : 0.000 	 TPS_Success : 0.000 	 RecvSec : 3751.085 	 SendSec : 285819.554 	 SendDropSec : 18467541.265
Total Time : 20704.183 	 TPS : 45.306 	 TPS_Accept : 0.000 	 TPS_Success : 0.000 	 RecvSec : 4016.134 	 SendSec : 308550.642 	 SendDropSec : 19769809.040
Total Time : 20764.203 	 TPS : 44.719 	 TPS_Accept : 0.000 	 TPS_Success : 0.000 	 RecvSec : 4156.366 	 SendSec : 315840.886 	 SendDropSec : 20463508.271
Total Time : 20824.221 	 TPS : 45.920 	 TPS_Accept : 0.000 	 TPS_Success : 0.000 	 RecvSec : 3927.377 	 SendSec : 296933.748 	 SendDropSec : 19337734.545
Total Time : 20884.221 	 TPS : 44.750 	 TPS_Accept : 0.000 	 TPS_Success : 0.000 	 RecvSec : 3986.525 	 SendSec : 304461.090 	 SendDropSec : 19625856.190
Total Time : 20944.231 	 TPS : 43.526 	 TPS_Accept : 0.000 	 TPS_Success : 0.000 	 RecvSec : 4194.289 	 SendSec : 321733.984 	 SendDropSec : 20647158.446
Total Time : 21004.234 	 TPS : 44.698 	 TPS_Accept : 0.000 	 TPS_Success : 0.000 	 RecvSec : 4191.980 	 SendSec : 311194.541 	 SendDropSec : 20646158.247
Total Time : 21064.255 	 TPS : 45.818 	 TPS_Accept : 0.000 	 TPS_Success : 0.000 	 RecvSec : 4022.012 	 SendSec : 302009.508 	 SendDropSec : 19805724.839
Total Time : 21124.264 	 TPS : 44.826 	 TPS_Accept : 0.000 	 TPS_Success : 0.000 	 RecvSec : 4193.670 	 SendSec : 316253.134 	 SendDropSec : 20649572.953
Total Time : 21184.272 	 TPS : 44.961 	 TPS_Accept : 0.000 	 TPS_Success : 0.000 	 RecvSec : 4052.771 	 SendSec : 298071.901 	 SendDropSec : 19963365.161
Total Time : 21244.282 	 TPS : 45.192 	 TPS_Accept : 0.000 	 TPS_Success : 0.000 	 RecvSec : 4126.464 	 SendSec : 305362.133 	 SendDropSec : 20324477.821
Total Time : 21304.297 	 TPS : 44.672 	 TPS_Accept : 0.000 	 TPS_Success : 0.000 	 RecvSec : 4006.058 	 SendSec : 305392.213 	 SendDropSec : 19722576.364
Total Time : 21364.309 	 TPS : 45.124 	 TPS_Accept : 0.000 	 TPS_Success : 0.000 	 RecvSec : 4123.740 	 SendSec : 306109.301 	 SendDropSec : 20310128.645
Total Time : 21424.328 	 TPS : 44.602 	 TPS_Accept : 0.000 	 TPS_Success : 0.000 	 RecvSec : 4128.587 	 SendSec : 309963.415 	 SendDropSec : 20330486.355
Total Time : 21484.329 	 TPS : 44.300 	 TPS_Accept : 0.000 	 TPS_Success : 0.000 	 RecvSec : 3948.463 	 SendSec : 300958.583 	 SendDropSec : 19439053.411
Total Time : 21544.338 	 TPS : 45.976 	 TPS_Accept : 0.000 	 TPS_Success : 0.000 	 RecvSec : 3986.704 	 SendSec : 302425.194 	 SendDropSec : 19628835.719
Total Time : 21604.340 	 TPS : 45.482 	 TPS_Accept : 0.000 	 TPS_Success : 0.000 	 RecvSec : 4001.458 	 SendSec : 301341.485 	 SendDropSec : 19703631.122
Total Time : 21664.346 	 TPS : 45.212 	 TPS_Accept : 0.000 	 TPS_Success : 0.000 	 RecvSec : 4073.084 	 SendSec : 309387.763 	 SendDropSec : 20053641.243
Total Time : 21724.348 	 TPS : 45.282 	 TPS_Accept : 0.000 	 TPS_Success : 0.000 	 RecvSec : 4059.634 	 SendSec : 310448.518 	 SendDropSec : 19985356.647
Total Time : 21784.369 	 TPS : 44.950 	 TPS_Accept : 0.000 	 TPS_Success : 0.000 	 RecvSec : 4050.839 	 SendSec : 308791.821 	 SendDropSec : 19943041.878
Total Time : 21844.383 	 TPS : 45.789 	 TPS_Accept : 0.000 	 TPS_Success : 0.000 	 RecvSec : 3891.871 	 SendSec : 293879.977 	 SendDropSec : 19163278.829
Total Time : 21904.397 	 TPS : 44.823 	 TPS_Accept : 0.000 	 TPS_Success : 0.000 	 RecvSec : 3812.336 	 SendSec : 290738.315 	 SendDropSec : 18768784.183
Total Time : 21964.403 	 TPS : 44.846 	 TPS_Accept : 0.000 	 TPS_Success : 0.000 	 RecvSec : 3851.707 	 SendSec : 292108.052 	 SendDropSec : 18964234.436
Total Time : 22024.421 	 TPS : 44.387 	 TPS_Accept : 0.000 	 TPS_Success : 0.000 	 RecvSec : 3884.784 	 SendSec : 289176.255 	 SendDropSec : 19132492.861
Total Time : 22084.442 	 TPS : 44.301 	 TPS_Accept : 0.000 	 TPS_Success : 0.000 	 RecvSec : 3980.082 	 SendSec : 301905.674 	 SendDropSec : 19596183.689
Total Time : 22144.450 	 TPS : 44.727 	 TPS_Accept : 0.000 	 TPS_Success : 0.000 	 RecvSec : 3947.561 	 SendSec : 295043.146 	 SendDropSec : 19440448.208
Total Time : 22204.460 	 TPS : 45.743 	 TPS_Accept : 0.000 	 TPS_Success : 0.000 	 RecvSec : 4173.464 	 SendSec : 317787.873 	 SendDropSec : 20547061.886
Total Time : 22264.471 	 TPS : 44.892 	 TPS_Accept : 0.000 	 TPS_Success : 0.000 	 RecvSec : 3972.765 	 SendSec : 301104.662 	 SendDropSec : 19560429.071
Total Time : 22324.472 	 TPS : 45.866 	 TPS_Accept : 0.000 	 TPS_Success : 0.000 	 RecvSec : 3845.539 	 SendSec : 290881.116 	 SendDropSec : 18934665.065
Total Time : 22384.487 	 TPS : 45.388 	 TPS_Accept : 0.000 	 TPS_Success : 0.000 	 RecvSec : 3772.055 	 SendSec : 295447.024 	 SendDropSec : 18562790.349
Total Time : 22444.498 	 TPS : 45.042 	 TPS_Accept : 0.000 	 TPS_Success : 0.000 	 RecvSec : 3963.263 	 SendSec : 305743.930 	 SendDropSec : 19508305.594
Total Time : 22504.504 	 TPS : 44.579 	 TPS_Accept : 0.000 	 TPS_Success : 0.000 	 RecvSec : 4343.758 	 SendSec : 325517.674 	 SendDropSec : 21390576.639
Total Time : 22564.525 	 TPS : 44.684 	 TPS_Accept : 0.000 	 TPS_Success : 0.000 	 RecvSec : 4195.958 	 SendSec : 321003.490 	 SendDropSec : 20656287.208
Total Time : 22624.545 	 TPS : 45.285 	 TPS_Accept : 0.000 	 TPS_Success : 0.000 	 RecvSec : 3950.004 	 SendSec : 305339.925 	 SendDropSec : 19442430.137
Total Time : 22684.550 	 TPS : 45.180 	 TPS_Accept : 0.000 	 TPS_Success : 0.000 	 RecvSec : 3899.177 	 SendSec : 296245.486 	 SendDropSec : 19197433.994
Total Time : 22744.557 	 TPS : 44.562 	 TPS_Accept : 0.000 	 TPS_Success : 0.000 	 RecvSec : 4287.992 	 SendSec : 331466.584 	 SendDropSec : 21105906.709
Total Time : 22804.568 	 TPS : 45.691 	 TPS_Accept : 0.000 	 TPS_Success : 0.000 	 RecvSec : 4026.903 	 SendSec : 304949.916 	 SendDropSec : 19827237.489
Total Time : 22864.585 	 TPS : 45.138 	 TPS_Accept : 0.000 	 TPS_Success : 0.000 	 RecvSec : 3841.976 	 SendSec : 295411.977 	 SendDropSec : 18912324.889
Total Time : 22924.601 	 TPS : 44.371 	 TPS_Accept : 0.000 	 TPS_Success : 0.000 	 RecvSec : 3916.687 	 SendSec : 291523.132 	 SendDropSec : 19289616.196
Total Time : 22984.607 	 TPS : 44.862 	 TPS_Accept : 0.000 	 TPS_Success : 0.000 	 RecvSec : 4003.436 	 SendSec : 301282.288 	 SendDropSec : 19713549.222
Total Time : 23044.611 	 TPS : 44.947 	 TPS_Accept : 0.000 	 TPS_Success : 0.000 	 RecvSec : 4090.260 	 SendSec : 310359.677 	 SendDropSec : 20138528.976
Total Time : 23104.627 	 TPS : 44.855 	 TPS_Accept : 0.000 	 TPS_Success : 0.000 	 RecvSec : 4142.939 	 SendSec : 315831.837 	 SendDropSec : 20396415.293
Total Time : 23164.638 	 TPS : 44.808 	 TPS_Accept : 0.000 	 TPS_Success : 0.000 	 RecvSec : 3989.085 	 SendSec : 303044.365 	 SendDropSec : 19640061.540
Total Time : 23224.655 	 TPS : 45.770 	 TPS_Accept : 0.000 	 TPS_Success : 0.000 	 RecvSec : 4025.952 	 SendSec : 304365.624 	 SendDropSec : 19823070.764
Total Time : 23284.670 	 TPS : 43.472 	 TPS_Accept : 0.000 	 TPS_Success : 0.000 	 RecvSec : 4107.389 	 SendSec : 310773.492 	 SendDropSec : 20223683.171
Total Time : 23344.683 	 TPS : 44.690 	 TPS_Accept : 0.000 	 TPS_Success : 0.000 	 RecvSec : 4112.882 	 SendSec : 303743.018 	 SendDropSec : 20258192.103
Total Time : 23404.686 	 TPS : 44.848 	 TPS_Accept : 0.000 	 TPS_Success : 0.000 	 RecvSec : 3696.674 	 SendSec : 275381.450 	 SendDropSec : 18205921.135
Total Time : 23464.691 	 TPS : 45.063 	 TPS_Accept : 0.000 	 TPS_Success : 0.000 	 RecvSec : 4043.922 	 SendSec : 295832.239 	 SendDropSec : 19921353.203
Total Time : 23524.709 	 TPS : 45.669 	 TPS_Accept : 0.000 	 TPS_Success : 0.000 	 RecvSec : 3975.535 	 SendSec : 294110.877 	 SendDropSec : 19581255.508
Total Time : 23584.715 	 TPS : 44.429 	 TPS_Accept : 0.000 	 TPS_Success : 0.000 	 RecvSec : 4095.250 	 SendSec : 304758.683 	 SendDropSec : 20169031.288
Total Time : 23644.722 	 TPS : 45.012 	 TPS_Accept : 0.000 	 TPS_Success : 0.000 	 RecvSec : 4035.006 	 SendSec : 301074.887 	 SendDropSec : 19871587.913
Total Time : 23704.729 	 TPS : 46.378 	 TPS_Accept : 0.000 	 TPS_Success : 0.000 	 RecvSec : 3825.210 	 SendSec : 293640.019 	 SendDropSec : 18830323.990
Total Time : 23764.741 	 TPS : 44.075 	 TPS_Accept : 0.000 	 TPS_Success : 0.000 	 RecvSec : 4110.329 	 SendSec : 310681.481 	 SendDropSec : 20238495.774
Total Time : 23824.756 	 TPS : 45.305 	 TPS_Accept : 0.000 	 TPS_Success : 0.000 	 RecvSec : 3783.950 	 SendSec : 283812.760 	 SendDropSec : 18633796.391
Total Time : 23884.779 	 TPS : 44.466 	 TPS_Accept : 0.000 	 TPS_Success : 0.000 	 RecvSec : 3889.213 	 SendSec : 292460.387 	 SendDropSec : 19151346.519
Total Time : 23944.780 	 TPS : 45.749 	 TPS_Accept : 0.000 	 TPS_Success : 0.000 	 RecvSec : 4005.483 	 SendSec : 303856.020 	 SendDropSec : 19721262.945
Total Time : 24004.798 	 TPS : 45.053 	 TPS_Accept : 0.000 	 TPS_Success : 0.000 	 RecvSec : 3951.811 	 SendSec : 301555.220 	 SendDropSec : 19455227.313
Total Time : 24064.811 	 TPS : 43.691 	 TPS_Accept : 0.000 	 TPS_Success : 0.000 	 RecvSec : 3922.985 	 SendSec : 299551.067 	 SendDropSec : 19313093.715
Total Time : 24124.819 	 TPS : 45.710 	 TPS_Accept : 0.000 	 TPS_Success : 0.000 	 RecvSec : 4019.664 	 SendSec : 301591.936 	 SendDropSec : 19794395.361
Total Time : 24184.826 	 TPS : 45.111 	 TPS_Accept : 0.000 	 TPS_Success : 0.000 	 RecvSec : 3977.873 	 SendSec : 296637.683 	 SendDropSec : 19590404.378
Total Time : 24244.846 	 TPS : 44.869 	 TPS_Accept : 0.000 	 TPS_Success : 0.000 	 RecvSec : 4001.361 	 SendSec : 301848.153 	 SendDropSec : 19702613.189
Total Time : 24304.860 	 TPS : 44.773 	 TPS_Accept : 0.000 	 TPS_Success : 0.000 	 RecvSec : 4103.643 	 SendSec : 312125.759 	 SendDropSec : 20203671.653
Total Time : 24364.869 	 TPS : 44.743 	 TPS_Accept : 0.000 	 TPS_Success : 0.000 	 RecvSec : 4040.529 	 SendSec : 303782.725 	 SendDropSec : 19896479.115
Total Time : 24424.892 	 TPS : 45.099 	 TPS_Accept : 0.000 	 TPS_Success : 0.000 	 RecvSec : 3983.545 	 SendSec : 299138.579 	 SendDropSec : 19616268.905
Total Time : 24484.895 	 TPS : 45.214 	 TPS_Accept : 0.000 	 TPS_Success : 0.000 	 RecvSec : 3902.125 	 SendSec : 296984.806 	 SendDropSec : 19211427.718
Total Time : 24544.912 	 TPS : 45.204 	 TPS_Accept : 0.000 	 TPS_Success : 0.000 	 RecvSec : 4110.503 	 SendSec : 316385.022 	 SendDropSec : 20233744.056
Total Time : 24604.922 	 TPS : 44.725 	 TPS_Accept : 0.000 	 TPS_Success : 0.000 	 RecvSec : 3911.025 	 SendSec : 298648.812 	 SendDropSec : 19254230.252
Total Time : 24664.923 	 TPS : 45.400 	 TPS_Accept : 0.000 	 TPS_Success : 0.000 	 RecvSec : 3885.880 	 SendSec : 291292.923 	 SendDropSec : 19135906.430
Total Time : 24724.932 	 TPS : 45.909 	 TPS_Accept : 0.000 	 TPS_Success : 0.000 	 RecvSec : 3998.047 	 SendSec : 304292.208 	 SendDropSec : 19683649.477
Total Time : 24784.954 	 TPS : 44.851 	 TPS_Accept : 0.000 	 TPS_Success : 0.000 	 RecvSec : 3919.206 	 SendSec : 289231.977 	 SendDropSec : 19304510.512
Total Time : 24844.959 	 TPS : 44.529 	 TPS_Accept : 0.000 	 TPS_Success : 0.000 	 RecvSec : 4050.769 	 SendSec : 308482.360 	 SendDropSec : 19942993.840
Total Time : 24904.965 	 TPS : 45.062 	 TPS_Accept : 0.000 	 TPS_Success : 0.000 	 RecvSec : 3980.814 	 SendSec : 297485.542 	 SendDropSec : 19604256.175
Total Time : 24964.969 	 TPS : 43.930 	 TPS_Accept : 0.000 	 TPS_Success : 0.000 	 RecvSec : 4136.151 	 SendSec : 320303.268 	 SendDropSec : 20357992.978
Total Time : 25024.975 	 TPS : 44.962 	 TPS_Accept : 0.000 	 TPS_Success : 0.000 	 RecvSec : 4085.705 	 SendSec : 309178.884 	 SendDropSec : 20116951.094
Total Time : 25084.987 	 TPS : 45.124 	 TPS_Accept : 0.000 	 TPS_Success : 0.000 	 RecvSec : 3898.239 	 SendSec : 291428.066 	 SendDropSec : 19197532.908
Total Time : 25145.006 	 TPS : 44.719 	 TPS_Accept : 0.000 	 TPS_Success : 0.000 	 RecvSec : 4130.068 	 SendSec : 307099.581 	 SendDropSec : 20340758.945
